prefab.41,-50,65,55,-76
prefab.200,-52,65,54,-76
prefab.67,-60,0,89,-150
prefab.249,-10,0,160,-165
prefab.68,-32,23,42,-48
prefab.261,-42,62,57,-57
prefab.262,-42,62,57,-57
prefab.282,-35,39,84,-50
prefab.283,-35,50,35,-50
prefab.44,-85,62,82,-72
prefab.252,-24,42,27,-23
prefab.330,-23,42,27,-23
prefab.251,-29,9,59,-123
prefab.13,-400,112,146,-475
prefab.203,-85,0,100,-100
prefab.254,-53,42,32,-16
prefab.31,-101,23,31,-60
prefab.34,-113,67,27,-90
prefab.36,-102,67,30,-90
prefab.32,-54,40,31,-16
prefab.33,-17,96,39,-8
