0031F718,road.look0
0051C828,road.look1
00719938,road.look2
00916A48,road.look3
00B13B58,road.look4
00D10C68,road.look5
00F0DD78,road.look6
0110AE88,road.look7
01307F98,road.look8
015050A8,road.look9
050AD088,road.look10
09C3D8E8,road.look11
0E7CE148,road.look12
1335E9A8,road.look13
17EEF208,road.look14
1CA7FA68,road.look15
216102C8,road.look16
261A0B28,road.look17
2AD31388,road.look18
2F8C1BE8,road.look19
09E3A9F8,road.look21
0E9CB258,road.look22
1355BAB8,road.look23
180EC318,road.look24
1CC7CB78,road.look25
2180D3D8,road.look26
2639DC38,road.look27
2AF2E498,road.look28